Segment ID / Value index,Tire Number,Pressure,TireSize,Tire_Type,Wear,Rim,Signal Value 1,Signal Value 2,Signal Value 3,Signal Value 4,Signal Value 5,Signal Value 6,Signal Value 7,Signal Value 8,Signal Value 9,Signal Value 10,Signal Value 11,Signal Value 12,Signal Value 13,Signal Value 14,Signal Value 15,Signal Value 16,Signal Value 17,Signal Value 18,Signal Value 19,Signal Value 20,Signal Value 21,Signal Value 22,Signal Value 23,Signal Value 24,Signal Value 25,Signal Value 26,Signal Value 27,Signal Value 28,Signal Value 29,Signal Value 30,Signal Value 31,Signal Value 32,Signal Value 33,Signal Value 34,Signal Value 35,Signal Value 36,Signal Value 37,Signal Value 38,Signal Value 39,Signal Value 40,Signal Value 41,Signal Value 42,Signal Value 43,Signal Value 44,Signal Value 45,Signal Value 46,Signal Value 47,Signal Value 48,Signal Value 49,Signal Value 50,Signal Value 51,Signal Value 52,Signal Value 53,Signal Value 54,Signal Value 55,Signal Value 56,Signal Value 57,Signal Value 58,Signal Value 59,Signal Value 60,Signal Value 61,Signal Value 62,Signal Value 63,Signal Value 64,Signal Value 65,Signal Value 66,Signal Value 67,Signal Value 68,Signal Value 69,Signal Value 70,Signal Value 71,Signal Value 72,Signal Value 73,Signal Value 74,Signal Value 75,Signal Value 76,Signal Value 77,Signal Value 78,Signal Value 79,Signal Value 80,Signal Value 81,Signal Value 82,Signal Value 83,Signal Value 84,Signal Value 85,Signal Value 86,Signal Value 87,Signal Value 88,Signal Value 89,Signal Value 90,Signal Value 91,Signal Value 92,Signal Value 93,Signal Value 94,Signal Value 95,Signal Value 96,Signal Value 97,Signal Value 98,Signal Value 99,Signal Value 100,Signal Value 101,Signal Value 102,Signal Value 103,Signal Value 104,Signal Value 105,Signal Value 106,Signal Value 107,Signal Value 108,Signal Value 109,Signal Value 110,Signal Value 111,Signal Value 112,Signal Value 113,Signal Value 114,Signal Value 115,Signal Value 116,Signal Value 117,Signal Value 118,Signal Value 119,Signal Value 120,Signal Value 121,Signal Value 122,Signal Value 123,Signal Value 124,Signal Value 125,Signal Value 126,Signal Value 127,Signal Value 128,Signal Value 129,Signal Value 130,Signal Value 131,Signal Value 132,Signal Value 133,Signal Value 134,Signal Value 135,Signal Value 136,Signal Value 137,Signal Value 138,Signal Value 139,Signal Value 140,Signal Value 141,Signal Value 142,Signal Value 143,Signal Value 144,Signal Value 145,Signal Value 146,Signal Value 147,Signal Value 148,Signal Value 149,Signal Value 150,Signal Value 151,Signal Value 152,Signal Value 153,Signal Value 154,Signal Value 155,Signal Value 156,Signal Value 157,Signal Value 158,Signal Value 159,Signal Value 160,Signal Value 161,Signal Value 162,Signal Value 163,Signal Value 164,Signal Value 165,Signal Value 166,Signal Value 167,Signal Value 168,Signal Value 169,Signal Value 170,Signal Value 171,Signal Value 172,Signal Value 173,Signal Value 174,Signal Value 175,Signal Value 176,Signal Value 177,Signal Value 178,Signal Value 179,Signal Value 180,Signal Value 181,Signal Value 182,Signal Value 183,Signal Value 184,Signal Value 185,Signal Value 186,Signal Value 187,Signal Value 188,Signal Value 189,Signal Value 190,Signal Value 191,Signal Value 192,Signal Value 193,Signal Value 194,Signal Value 195,Signal Value 196,Signal Value 197,Signal Value 198,Signal Value 199,Signal Value 200,Signal Value 201,Signal Value 202,Signal Value 203,Signal Value 204,Signal Value 205,Signal Value 206,Signal Value 207,Signal Value 208,Signal Value 209,Signal Value 210,Signal Value 211,Signal Value 212,Signal Value 213,Signal Value 214,Signal Value 215,Signal Value 216,Signal Value 217,Signal Value 218,Signal Value 219,Signal Value 220,Signal Value 221,Signal Value 222,Signal Value 223,Signal Value 224,Signal Value 225,Signal Value 226,Signal Value 227,Signal Value 228,Signal Value 229,Signal Value 230,Signal Value 231,Signal Value 232,Signal Value 233,Signal Value 234,Signal Value 235,Signal Value 236,Signal Value 237,Signal Value 238,Signal Value 239,Signal Value 240,Signal Value 241,Signal Value 242,Signal Value 243,Signal Value 244,Signal Value 245,Signal Value 246,Signal Value 247,Signal Value 248,Signal Value 249,Signal Value 250,Signal Value 251,Signal Value 252,Signal Value 253,Signal Value 254,Signal Value 255,Signal Value 256
signal segment 1,21,500,11R22.5,710R,0%,Ir,0.00013265564,0.0004165328,0.00079184014,0.000987494,0.0013504154,0.0013504154,0.0016713598,0.0015531314,0.001613978,0.0016713598,0.0010766238,0.00057625846,0.00040505454,0.00018148105,0.00013461972,8.4639105e-06,3.64679e-05,0.00023839615,0.00067317724,0.0011551614,0.0011648057,0.0010171132,0.0015298289,0.001631133,0.001100015,0.0012334384,0.0006909255,0.00085111,0.00062981684,0.00037214978,7.7186894e-05,5.312624e-07,2.6484578e-05,9.529614e-05,0.0002034721,0.0005493889,0.00054277165,0.00045554902,0.00052965764,0.0010859352,0.0010143697,0.0009348251,0.00085521233,0.00056948094,0.0001776864,0.00018531582,4.96116e-05,5.116332e-07,1.2079924e-05,3.0885563e-05,5.856735e-05,0.00016692324,6.524898e-05,0.00023145204,0.00031750623,0.0005007627,0.00055540534,0.0006953987,0.0008827917,0.00084616046,0.0011132027,0.00039095458,0.00010522835,5.2246534e-05,1.7864006e-05,3.465384e-06,7.9937614e-05,0.00010090491,0.00027698895,0.00057625846,0.00060934876,0.0007066146,0.0006738827,0.0007870664,0.000641927,0.00042817148,0.00010090491,2.7961902e-05,9.656547e-06,2.6732866e-06,2.9117243e-06,1.1790362e-05,5.6420322e-05,0.00011655595,0.00014365026,0.0001911588,0.0003195277,0.0003380098,0.00025984438,0.0008216297,0.079524465,0.0062853196,0.19024676,0.07223367,0.0051031336,0.0016026219,0.02239032,0.00551993,0.016329492,0.010486034,1.8345947e-05,0.07697396,0.033615276,0.00011351888,0.011988971,0.010246626,0.022619711,0.042080414,0.00021493908,0.005062757,0.0009133399,0.0032403837,0.0010234085,0.004691053,0.00079905987,0.006619754,0.00061568414,0.0037350766,0.009407605,0.0037177906,0.0023549509,0.017861921,0.0024493204,0.0016818414,0.0045467974,0.0016482868,0.010315536,4.6286557e-05,0.0025527498,3.890122e-05,0.0013535806,0.0011388198,0.007605365,0.00072864286,0.012398709,0.00073630665,0.010160815,0.0026116879,0.0012235134,0.0027867947,0.00030254954,6.8964587e-06,0.00018340877,0.00059268816,0.00083054975,0.0009141616,0.0019133869,0.0063212905,0.0022678259,0.0003094844,0.0018532232,0.0005580779,2.8564058e-05,0.0012244645,0.0002996015,0.0030435876,0.0017051473,0.00034373972,0.0008685133,0.0001876359,0.001308129,0.010312775,0.00947915,0.00042527015,0.001658696,0.019720854,0.0028832862,0.0008802358,7.660139e-06,5.3481835e-05,0.0051843687,0.007302232,0.0034349747,0.0054695536,0.0076399776,0.0037298175,0.00299839,0.014666205,0.01672263,0.0010581213,1.677584e-06,0.00037433807,0.0019872151,0.0040964605,0.007937454,0.00851785,0.008712342,0.0113196885,0.0047163777,0.001776027,1.7864006e-05,0.000106393476,0.0054591713,0.00085939106,0.002749489,6.1854145e-05,0.0033509214,0.00021703653,0.0052252267,0.015234,0.0,0.0,0.0,0.0,0.0,0.0,0.0,0.0,0.0,0.0,0.0,0.0,0.0,0.0,0.0,0.0,0.0,0.0,0.0,0.0,0.0,0.0,0.0,0.0,0.0,0.0,0.0,0.0,0.0,0.0,0.0,0.0,0.0,0.0,0.0,0.0,0.0,0.0,0.0,0.0,0.0,0.0,0.0,0.0,0.0,0.0,0.0,0.0,0.0,0.0,0.0,0.0,0.0,0.0,0.0,0.0
signal segment 2,21,500,11R22.5,710R,0%,Ir,6.4321626e-05,0.00012497796,0.00012305542,0.00015646676,0.00031224824,0.00040767912,0.00028306787,0.0006133535,0.0006872858,0.00047058697,0.00042032436,0.0005103413,0.000537206,0.00013481414,7.289729e-05,4.476833e-06,5.7815847e-05,7.6743716e-05,0.00013396557,0.0005988013,0.0008536895,0.0005556721,0.0008557083,0.0009173824,0.0006567479,0.0005988013,0.00076817744,0.00031707447,6.994447e-05,0.00013276936,0.00015127599,2.7987515e-05,3.316052e-05,5.4769216e-06,3.0245159e-05,0.00022587637,0.00027843963,0.00028017073,0.00037758154,0.00057796465,0.0006323102,0.0004447368,0.0006005939,0.0004432817,0.00037223325,0.00031837932,0.00047584463,0.00022071696,3.0245159e-05,3.535084e-07,2.1818e-06,1.6380865e-05,7.583897e-05,0.00013677763,0.00028299817,0.0006330744,0.00071737025,0.00095862127,0.0007971547,0.00071737025,0.00058870536,0.0004894067,0.00040273042,0.00016076298,9.972179e-05,7.583897e-05,5.875427e-09,4.0265204e-05,0.00010045409,0.0003415824,0.00060483225,0.00066484255,0.00065243704,0.0010206569,0.0009374869,0.0004948604,0.0006630632,0.000508004,0.00037557146,0.00020708427,6.0234972e-05,8.874699e-06,1.856194e-05,9.3464916e-11,1.6380865e-05,0.00011584112,0.00014002717,0.00028183768,0.00041670777,0.00018339728,0.12575786,0.0145141,0.17646112,0.072591834,0.010881733,0.00843662,0.0023744323,0.004216787,0.004585493,0.0011844918,0.0030642177,0.046915296,0.01660166,0.00095874973,0.0012961902,0.0032563563,0.036237102,0.050225835,0.0011467708,0.0007854994,0.0021945843,0.005440637,0.004525183,0.0017173353,7.4378724e-05,0.009368421,0.0020686623,0.001935812,0.0048899404,0.0015952728,0.009331294,0.04337263,0.010503295,0.0019161134,0.0005332121,0.01709012,0.040093374,0.00032015602,0.0052914144,0.0002607986,1.3156267e-06,0.00020851773,0.005281071,0.0012963397,0.019441344,0.0063190195,0.0067002946,0.002199245,0.0062642447,0.019431716,0.0070093554,0.00012497796,0.00017973119,3.3735618e-05,0.00071194296,0.0008357471,0.00086076587,0.0056537613,0.00058870536,0.0013452761,0.001795646,2.655935e-08,0.0020700444,0.005181182,0.00039308815,0.00042316064,0.00010075885,0.006983016,0.010496219,0.005802712,7.227366e-05,0.00544828,0.0058928,9.383751e-06,0.00025753025,0.015094323,0.0043549384,0.0010572482,2.7719655e-06,0.0011062124,0.00024326074,0.0007634,0.00020454812,0.00072664785,0.0005403154,6.768752e-05,8.512779e-05,0.004819884,0.007233355,0.00010075885,0.0007398494,0.0020812447,0.0007258291,0.00055739906,0.004635006,0.0048057996,0.0019388513,0.0010562605,0.000112931266,5.071016e-06,0.0010538828,0.0008366256,0.0012325014,1.0484648e-05,0.0071835197,0.0014417754,0.002259761,0.00022174408,0.0068480666,0.021373726,0.0,0.0,0.0,0.0,0.0,0.0,0.0,0.0,0.0,0.0,0.0,0.0,0.0,0.0,0.0,0.0,0.0,0.0,0.0,0.0,0.0,0.0,0.0,0.0,0.0,0.0,0.0,0.0,0.0,0.0,0.0,0.0,0.0,0.0,0.0,0.0,0.0,0.0,0.0,0.0,0.0,0.0,0.0,0.0,0.0,0.0,0.0,0.0,0.0,0.0,0.0,0.0,0.0,0.0,0.0,0.0
signal segment 3,21,500,11R22.5,710R,0%,Ir,0.00013705724,0.00026945223,0.00044294167,0.00040567652,0.00044942007,0.00046913745,0.00053720805,0.00065932673,0.0002187289,5.3377513e-05,8.906755e-05,1.6318612e-05,5.8221904e-05,0.00015795985,0.0001454955,0.0006697233,0.00071572885,0.0005786019,0.0007573428,0.0015757625,0.0011868917,0.00052529667,0.00018567673,0.0004327697,0.00061000185,0.0001385514,9.1105234e-05,7.073001e-05,3.80837e-05,0.00011504071,0.00026844628,0.0006984802,0.000668811,0.0005056954,0.00034397526,0.00053153624,0.0010493778,0.0008528979,0.0004069129,0.00018812959,0.00016022287,3.6584584e-05,7.2025585e-05,8.260842e-06,0.00021563283,0.00040886403,0.0003086145,0.000108284185,0.0001962717,0.00083609746,0.0009336812,0.0004276805,0.00022565485,0.00028123305,0.00038203225,0.00038925972,0.00029423847,0.00020671943,6.1785155e-05,9.740194e-05,2.4016786e-05,1.1844364e-05,7.9224854e-05,1.5705013e-05,0.00012753409,0.00010951639,0.00026844628,0.00073709653,0.0006871782,0.0005008791,0.00048184404,0.00060610706,0.0002151152,5.842099e-05,0.00010163931,0.00010225865,1.8890592e-05,2.6273148e-07,1.3837618e-05,0.00022935565,0.00010732884,0.00017335077,0.00034292368,0.00028123305,0.00033614208,0.00060697563,0.00040453445,9.892127e-05,0.0001429174,0.00040330164,0.017008232,0.11477732,0.117485836,0.21312493,7.518293e-05,0.036864422,0.00051341474,0.003244797,0.002942685,0.0020346271,0.0018245351,0.017507829,0.026350318,0.0023030236,0.003360861,0.010785931,0.013742824,0.037059892,0.0007845927,0.005374057,1.7626019e-06,0.0037430231,0.00080795947,0.0020959536,8.4380845e-06,0.01302264,0.003031777,1.6366723e-06,0.003934939,0.0104670925,0.00016295192,0.025339587,0.0152180595,0.0030402266,0.013099753,0.000115699564,0.026007915,0.0024968057,0.008212621,0.002468001,3.0549145e-05,0.00024969052,0.008586017,0.00040074965,0.011468983,0.0055033197,0.0037822486,0.009346741,0.00012689414,0.0065226764,0.004966484,2.7574026e-05,0.00026195342,2.4144712e-05,8.369498e-05,0.00026902443,0.00012580818,0.004657707,0.0040392224,0.00016655395,0.0024406514,0.0009103992,0.00054362486,0.0024769227,0.0005400552,0.0013137357,0.0016186622,0.00084218336,0.0057817157,0.0032218639,0.00016412858,0.0048654163,0.009766925,0.00027764423,0.00042568494,0.010476508,0.013485172,5.9598977e-05,0.001568284,3.0236346e-05,1.2056411e-05,0.0018773137,0.0015719299,0.0023801955,0.0027095783,0.00010225865,0.0001544525,0.0039519835,0.00862585,0.00091582094,0.0004961881,0.0019350924,0.0013495495,0.0013416741,0.005187186,0.0076768873,0.0056452886,0.0042647924,0.00153945,4.1596446e-05,1.0313981e-05,0.000870906,0.0004276805,0.000788894,0.0039135166,0.0051317797,0.00044497725,5.4764474e-05,0.0032131653,0.021220906,0.0,0.0,0.0,0.0,0.0,0.0,0.0,0.0,0.0,0.0,0.0,0.0,0.0,0.0,0.0,0.0,0.0,0.0,0.0,0.0,0.0,0.0,0.0,0.0,0.0,0.0,0.0,0.0,0.0,0.0,0.0,0.0,0.0,0.0,0.0,0.0,0.0,0.0,0.0,0.0,0.0,0.0,0.0,0.0,0.0,0.0,0.0,0.0,0.0,0.0,0.0,0.0,0.0,0.0,0.0,0.0
signal segment 4,21,500,11R22.5,710R,0%,Ir,0.0002009003,0.0001870495,0.00012906065,4.857824e-05,4.1893043e-05,0.00010336594,0.0001740681,3.6486173e-07,8.6595634e-07,6.129842e-09,2.9848059e-05,0.000115545336,7.773482e-05,0.00023353867,0.00013992783,0.0001207968,0.00018471702,0.00016811337,2.0480362e-05,7.648707e-05,3.1103067e-05,1.6176672e-06,2.7407693e-06,8.8614484e-05,1.0904419e-06,0.0001083361,0.00010481564,9.118108e-06,4.0431537e-06,0.00017108151,0.00011893622,4.319051e-05,8.180061e-05,0.00019292498,0.0001488116,1.5773961e-05,3.6556583e-05,3.5363704e-05,1.0032312e-06,3.1795398e-06,2.1390519e-05,5.017171e-05,0.00013262987,2.7713986e-05,3.5529512e-05,0.00024319082,0.00033002032,9.738185e-05,6.850511e-05,5.5330274e-05,2.801401e-05,1.5659043e-05,6.68685e-05,4.818888e-06,2.6929902e-06,4.1705633e-05,3.029335e-06,8.117421e-06,9.817538e-06,1.959251e-05,0.00016191494,0.00024054786,6.253052e-05,0.00011893622,0.00024364308,0.00017745893,0.00022451609,0.00035634913,0.00014811906,5.8333648e-05,0.0002352878,0.00027804793,6.219418e-06,1.6176672e-06,3.402464e-05,1.2129215e-07,2.801401e-05,0.000114630726,0.0004125801,0.00046371613,0.00015124121,0.0002842328,0.00036932962,0.00053150835,0.0003898135,0.00036010347,0.00024764278,0.00019252257,0.00012394041,2.6238105e-05,0.015833292,0.13506845,0.10880907,0.21685302,0.0001083361,0.028565228,0.00031271076,0.0070104627,0.00010656272,0.0002963369,0.0007555775,0.0071900096,0.013137577,0.0005262799,0.00016444885,0.006179984,0.017284831,0.040228993,0.0026759037,0.003365087,0.00015369756,0.0007895569,0.0005062764,0.0024810957,0.0024317987,0.0044781375,0.0013041564,0.0005393995,0.00083984225,0.0042862603,0.0026920694,0.0370838,0.026067123,0.0010308004,0.008544934,0.0010008927,0.030241389,0.002652405,0.011743505,0.004926219,3.7944104e-05,0.0009901507,0.0011012909,0.00022451609,0.017637823,0.015662184,1.1209214e-06,0.0056127748,0.00015511714,0.010950495,0.009176147,2.5105778e-06,0.0006906373,0.0008144893,0.000323343,2.1208452e-06,0.0008489094,0.0097034145,0.007825159,0.00020534742,0.00031927795,1.4553296e-08,0.0033109048,0.006600197,0.0016164504,0.00088744186,0.00055671,0.0017672023,0.0060865097,0.002562438,0.00023790178,0.0056106877,0.016436175,0.0034280561,0.0001406077,0.015417743,0.023126893,0.0008622259,0.00028904414,0.0011326519,0.0006958901,0.00068541925,0.00063146785,0.0016740838,0.0015553401,3.435365e-05,0.00032744405,0.006476112,0.014384056,0.0048645413,0.00031622837,1.0450739e-05,0.00018011121,0.00027144386,0.0005735994,0.0026788448,0.0021834557,0.00090359995,0.00014811906,5.9638835e-05,1.114069e-07,0.00034305317,0.0012664604,0.0031654024,0.0009590821,0.0019184452,0.0043929685,0.004587193,8.2052684e-05,0.013452141,0.0,0.0,0.0,0.0,0.0,0.0,0.0,0.0,0.0,0.0,0.0,0.0,0.0,0.0,0.0,0.0,0.0,0.0,0.0,0.0,0.0,0.0,0.0,0.0,0.0,0.0,0.0,0.0,0.0,0.0,0.0,0.0,0.0,0.0,0.0,0.0,0.0,0.0,0.0,0.0,0.0,0.0,0.0,0.0,0.0,0.0,0.0,0.0,0.0,0.0,0.0,0.0,0.0,0.0,0.0,0.0
signal segment 5,21,500,11R22.5,710R,0%,Ir,0.00087853405,0.001470015,0.0010804054,0.00043714533,0.00021059316,0.0006094066,0.0007310374,0.00011320161,3.879747e-05,0.00010361916,8.4775835e-05,0.00010846189,0.00034588057,0.0006037231,0.00087078195,0.0007728527,0.0008615543,0.0011195451,0.0014408771,0.0010585045,0.00067667913,0.0004826109,0.0002841829,0.00034763213,0.00012610627,1.0927322e-06,0.00020968415,7.371846e-05,0.00020968415,0.0007352822,0.0008155803,0.0007125061,0.0011870018,0.00090663513,0.0009955704,0.0012940967,0.0009661127,0.00032146348,0.0006070868,0.00025804716,0.00011997178,4.349369e-05,1.496969e-07,0.00031901707,0.0003123323,6.3503394e-05,0.0001554556,0.00074093824,0.0013368997,0.0004985832,0.0005517364,0.00093579234,0.00067831133,0.00027997018,0.00022008912,0.00061377976,0.00026089558,2.6331016e-05,1.8091981e-05,2.7285537e-07,5.2158037e-05,0.00018036811,0.00028226225,0.000462411,0.0008173721,0.0005279598,0.00034259967,0.00068187644,0.00063048396,0.00048769382,0.00046917782,0.00032428038,7.237859e-05,7.5070624e-05,1.4450627e-06,8.2767074e-05,0.0001702563,0.00019656599,0.0002841829,0.0001987701,0.0001150909,0.00015938941,0.00035645626,0.0003535026,0.0002789219,0.00019656599,0.0001226099,1.515465e-05,7.66106e-05,4.280169e-05,0.078142904,0.03146706,0.18795756,0.15244715,0.008222939,0.021349326,0.009750382,0.0016660871,0.0027652315,0.00010522112,0.00010683536,0.018076923,0.01036549,0.00026854742,0.0024329226,0.0019341374,0.02832576,0.030832678,0.00013762496,0.0046170484,0.00024955586,0.0016533138,0.00041236007,0.011007175,0.00012238779,0.011366513,5.0727824e-05,0.0010554463,0.0037586084,0.004877032,0.005860745,0.035587173,0.0073678624,0.0053202114,0.009710175,0.002136347,0.025938459,9.410558e-06,0.014962705,0.0024272965,0.0001248279,0.00067831133,0.004819483,0.0027231188,0.018991856,0.004098509,0.004610659,0.0024717392,0.0021325224,0.009880847,0.0016853393,0.00057180034,2.2611252e-05,0.0001797959,5.344297e-05,1.7431312e-05,0.0016047711,0.009169931,0.0056090737,2.6331016e-05,0.00046376043,3.4616055e-06,0.0011963535,0.00662846,0.00027997018,0.0028205074,0.0019291213,0.002002294,0.003469596,0.0010331558,0.00055495213,0.00867059,0.009871501,0.00023636172,9.498528e-05,0.018660605,0.009818613,0.00025585582,0.0001797959,0.00078717864,0.00016618974,0.0021406966,0.0018522879,0.001756404,0.0013773252,0.00036061206,0.0015859861,0.0097895535,0.011082964,0.0010605456,3.821379e-05,0.0003282447,0.0007977703,0.0006503195,0.0034315814,0.004421792,0.0037528437,0.0028959373,0.00035548618,3.395165e-05,8.4775835e-05,0.0005298634,0.0023491546,0.00074809045,0.0049929735,0.0009883024,0.0050292853,0.001273874,0.004085753,0.01938116,0.0,0.0,0.0,0.0,0.0,0.0,0.0,0.0,0.0,0.0,0.0,0.0,0.0,0.0,0.0,0.0,0.0,0.0,0.0,0.0,0.0,0.0,0.0,0.0,0.0,0.0,0.0,0.0,0.0,0.0,0.0,0.0,0.0,0.0,0.0,0.0,0.0,0.0,0.0,0.0,0.0,0.0,0.0,0.0,0.0,0.0,0.0,0.0,0.0,0.0,0.0,0.0,0.0,0.0,0.0,0.0
signal segment 6,21,500,11R22.5,710R,0%,Ir,2.7817254e-05,1.6669452e-05,3.7688435e-06,2.5684424e-06,5.7692105e-06,1.2911811e-05,7.8972735e-05,0.00013740176,0.00017904412,0.00017904412,0.00021146856,0.00012161971,9.9450306e-05,4.368496e-05,3.9409297e-05,9.96007e-06,1.9556405e-06,2.7384149e-06,2.7817254e-05,4.5184788e-05,4.4377444e-05,4.1999083e-05,4.4780205e-05,7.176351e-05,5.3437765e-05,7.6700286e-05,8.399816e-05,6.699095e-05,2.3395249e-05,1.6302063e-05,2.2385182e-05,1.0292148e-05,1.5565911e-06,1.1377736e-06,9.773434e-08,2.0642401e-05,0.00012328854,0.00014931658,0.00023442913,0.0003238366,0.00031094108,0.00030196528,0.00034367113,0.00029208904,0.00022573692,0.00016948911,0.00017066915,0.00011603081,6.370933e-05,1.956067e-05,9.1217935e-06,3.2060436e-06,3.4721783e-05,3.6521804e-05,0.00018739664,0.0003257173,0.00035520646,0.00027405613,0.000312784,0.00030747245,0.00023050189,0.00022368423,0.000244916,0.00012044507,0.0001026214,0.00012613807,4.8277132e-05,8.5377644e-07,1.312948e-05,1.5883425e-05,0.000108364366,0.00015943349,0.00025711986,0.0003934398,0.00046135279,0.00047177653,0.00031360605,0.0005044236,0.0004639478,0.00046135279,0.00036409518,0.00028187042,0.0002075395,0.0001046294,5.852303e-05,1.4018351e-05,1.0099532e-05,6.9231166e-05,0.00017282735,0.00018863738,0.00032844473,0.00035350313,0.0038460214,0.10949936,0.10201131,0.22653878,3.5616104e-05,0.07892116,0.019979322,0.013786281,0.0017065465,0.00085002853,0.019275952,0.007974037,0.001806399,0.0021817582,0.027570482,0.012004719,0.02072802,0.019979322,0.00016344196,0.00011216484,0.00058023666,0.006713841,1.44118085e-05,0.0024092307,0.0018723685,0.00027984852,0.00011488352,0.004109373,0.011181468,0.007040128,0.0028730903,0.019730862,0.004663512,0.003202898,0.0021028302,0.0028779428,0.009287245,0.0006234871,0.011483278,0.0013009865,0.0018697592,0.0052001826,0.00024823134,0.0006156344,0.00412873,0.005859297,1.1552128e-06,0.01123748,0.0051514464,2.9430783e-05,0.00513946,0.0019308435,0.0029169072,0.010356986,0.0033174867,0.00040065177,0.0015460391,0.0057685478,0.0019768921,0.00058786105,0.004474852,0.00368402,0.000102011225,0.0005071368,0.00028339162,0.002013889,0.002256291,6.986563e-06,0.0027467909,0.0017910487,1.0934699e-05,0.0017954679,0.010404495,0.008417602,0.00073665334,0.008744482,0.0076421336,0.00064669974,0.001974211,0.00012277332,0.0016387054,0.007965958,0.0024756212,0.006159821,0.0044055944,0.0015318405,0.0013900815,0.00828129,0.0115724625,0.005011695,0.00051874947,0.00069629063,0.0014960007,0.00073338253,0.0018082709,0.005263449,0.008178572,0.008249645,0.0013939751,8.100847e-06,0.0013973556,0.0021333685,0.0039032083,0.00469541,0.0007183818,0.0028730903,0.0027522629,0.0012771626,0.0,0.0,0.0,0.0,0.0,0.0,0.0,0.0,0.0,0.0,0.0,0.0,0.0,0.0,0.0,0.0,0.0,0.0,0.0,0.0,0.0,0.0,0.0,0.0,0.0,0.0,0.0,0.0,0.0,0.0,0.0,0.0,0.0,0.0,0.0,0.0,0.0,0.0,0.0,0.0,0.0,0.0,0.0,0.0,0.0,0.0,0.0,0.0,0.0,0.0,0.0,0.0,0.0,0.0,0.0,0.0
signal segment 7,21,500,11R22.5,710R,0%,Ir,0.00046463546,0.00023560728,0.00018157037,0.0006460712,0.0009908885,0.0006980125,0.00086969277,0.0005969274,0.0003715902,0.00019127861,0.00011646824,0.0001323222,0.00010424905,1.4763462e-07,1.4215615e-06,6.225686e-05,0.00028698304,0.0003449509,0.0005730457,0.0006179978,0.0004600831,0.0006555124,0.00095704675,0.00046355612,0.0006958365,0.0005730457,0.0002550697,8.823395e-05,5.7260666e-05,3.47534e-05,0.0002867367,0.0001543639,0.00015236251,0.0006460712,0.00034468083,0.0005820173,0.0009827656,0.00051688805,0.00017939921,0.0006818816,0.00073960406,0.000110613706,4.195159e-05,0.00019442062,0.00014024536,2.0951273e-05,0.00011837709,0.0001100874,0.00041283184,0.0005238557,0.0004194253,0.0004531762,0.0005839293,0.00051869,0.00022117459,0.00019643133,0.000204208,0.00013323467,5.270782e-05,1.782283e-05,3.6187474e-05,2.0807269e-07,0.00015557099,0.00019986647,2.3943476e-05,2.7380023e-05,0.00022578909,0.00021428308,0.0003222548,0.00033930124,0.0007022888,0.0006436089,0.00055048545,0.00042045204,0.00020307796,5.617743e-05,1.4766568e-05,1.0893439e-05,3.855835e-05,3.855835e-05,0.00012085158,0.00049900473,0.00058627484,0.00046984048,0.00028534268,0.00028425176,0.00063417264,0.0007461673,0.00019237539,0.00013927095,0.00032193572,0.00012263475,0.055230893,0.030927634,0.16296904,0.15121074,0.038491823,0.06780909,0.041191127,0.004727028,0.007497494,0.012258196,0.017071947,0.0057126833,0.0013172847,0.011156844,0.02883275,0.00024159846,0.035401292,0.017782139,6.225686e-05,7.964881e-05,6.4716245e-05,0.00096160185,0.0051679784,0.0011433101,0.00033219426,0.0006123859,0.0021817777,0.008780866,0.014665091,0.0014414396,0.008455462,0.02135279,0.0013090856,0.0019015316,2.3541868e-05,0.008676833,0.011438555,0.0006958365,0.0069171106,0.001024749,0.0013055796,0.0034667235,0.0005726976,0.00023560728,0.0053106905,0.004689324,0.00050229544,0.010905633,0.001329042,0.0033347858,0.012406981,0.0023557162,0.0014853951,0.0048760762,0.00021570487,0.00023682433,0.00031936014,0.004677268,0.0008994931,0.0013260392,0.006802,0.0016774036,0.00031532958,0.0025290856,0.0006419699,0.0011139917,0.00087680854,0.0017748198,0.008093838,0.004975891,3.6100028e-05,0.0021024942,0.009620855,0.003689035,0.000374368,0.008606073,0.004888385,0.0014201049,0.00021808498,0.00031962013,0.0020109566,0.00469497,0.0009024036,0.0031571873,0.0011450045,1.590558e-05,3.5712666e-05,0.003982348,0.0063603627,0.0012834838,0.00011908147,0.0035259707,0.0016118666,0.0003940062,0.003576049,0.005585025,0.0058267247,0.003080383,1.7962972e-07,0.00042244268,0.00036381182,0.00010839826,0.0013366535,0.00063010934,0.0059995856,0.0040911874,0.0018275635,0.00017358098,0.0,0.0,0.0,0.0,0.0,0.0,0.0,0.0,0.0,0.0,0.0,0.0,0.0,0.0,0.0,0.0,0.0,0.0,0.0,0.0,0.0,0.0,0.0,0.0,0.0,0.0,0.0,0.0,0.0,0.0,0.0,0.0,0.0,0.0,0.0,0.0,0.0,0.0,0.0,0.0,0.0,0.0,0.0,0.0,0.0,0.0,0.0,0.0,0.0,0.0,0.0,0.0,0.0,0.0,0.0,0.0
signal segment 8,21,500,11R22.5,710R,0%,Ir,3.7862206e-05,2.8244216e-05,0.00070848997,0.0012446038,0.0002249306,0.00017019305,0.00027098416,0.00031371566,0.00032132378,0.00037476775,0.00012239942,1.47065475e-05,5.103615e-05,2.942224e-06,9.628605e-05,0.0006621652,0.0007496354,0.00044250736,0.00017904653,0.00042598412,0.000574989,0.0002625017,0.00019276675,0.0001416497,3.261034e-05,2.607277e-07,6.969971e-05,5.1268626e-06,0.00014093553,5.802079e-05,1.5451178e-06,1.1100174e-05,4.846148e-05,0.00026748123,0.0002532118,0.00017298954,0.0002087655,0.00030726692,0.0003902756,0.00044896555,0.0002226494,4.803779e-05,0.0002052551,0.00021053186,5.2659043e-06,3.3486962e-05,3.7482205e-05,8.8662375e-05,0.00010894678,0.00029560248,0.00020306319,0.0002709691,0.00030832097,0.00019488974,0.0001434704,0.0001634847,0.00028572365,0.0003131595,2.5551373e-05,9.678497e-07,2.3291246e-05,6.083483e-05,2.0033054e-05,4.1119663e-05,0.00011443542,9.1566115e-05,0.00032296596,0.0002087655,8.610515e-05,0.000118383934,0.000156171,3.0558956e-05,4.888703e-05,0.0001384125,7.728724e-05,0.00010832057,3.781021e-06,6.4128824e-07,4.45956e-06,4.9896817e-06,1.0797436e-05,2.0335228e-06,8.52621e-06,4.3897126e-05,2.586063e-05,4.2097374e-05,0.0003290065,0.00028315184,0.0001111865,0.00015539824,0.00021810837,0.0005284572,0.19699992,0.041844316,0.22420853,0.0012008811,0.10772381,0.021625055,0.020790115,0.0009240862,0.007764518,0.0068372777,0.006209333,5.4779543e-06,0.0033781193,0.017224167,0.0033639534,0.03143839,0.03081424,0.0009213347,2.7121028e-05,1.1822841e-05,0.00064501225,0.00010832057,0.0010864331,0.002795862,1.2556943e-06,0.00018481782,0.00081359624,0.003330481,0.0036382503,0.0029412268,0.024772562,0.013461173,0.00031859614,0.0023080732,0.0026620429,0.015299853,0.0008901016,0.008668245,0.0025530797,0.0018184927,0.00304977,0.00034299857,1.3899237e-05,0.0057403683,0.010640447,0.0017021052,0.0035286585,0.0010594312,0.0020435902,0.014565827,0.0048532947,0.00024501447,0.0032221999,0.0013099646,4.6568416e-06,0.00013732744,0.0052874633,0.0049923155,0.00013590157,0.00082406873,0.00048252754,0.00095493393,0.0051180813,0.0049923155,4.3897126e-05,0.00014531378,0.0008222924,0.008170101,0.0045871497,0.0007479663,0.00070848997,0.007458623,0.0050876467,0.00041723595,0.010944602,0.014073159,7.047334e-05,6.91914e-05,0.0035595782,0.00031479695,0.0016620422,4.2892614e-05,0.00042724397,0.0001634847,7.944707e-05,0.00010673931,0.002741302,0.0049150414,0.0025376473,0.00019192079,0.00018398953,0.00056772097,0.00015731648,0.00018481782,0.0015162239,0.0019983463,0.0021145088,4.3493925e-05,0.002136965,0.00043040176,0.0002867556,4.2500036e-05,0.0007338787,0.004496714,0.007437487,0.0014020765,0.0016385394,0.0010673876,0.0,0.0,0.0,0.0,0.0,0.0,0.0,0.0,0.0,0.0,0.0,0.0,0.0,0.0,0.0,0.0,0.0,0.0,0.0,0.0,0.0,0.0,0.0,0.0,0.0,0.0,0.0,0.0,0.0,0.0,0.0,0.0,0.0,0.0,0.0,0.0,0.0,0.0,0.0,0.0,0.0,0.0,0.0,0.0,0.0,0.0,0.0,0.0,0.0,0.0,0.0,0.0,0.0,0.0,0.0,0.0
signal segment 9,21,500,11R22.5,710R,0%,Ir,1.3395216e-05,6.0960424e-06,3.0039548e-05,2.9668067e-06,5.947813e-05,0.00016306771,9.8177756e-05,4.0533712e-05,2.383209e-05,0.00013840265,0.00048687507,9.513666e-05,2.8091174e-06,0.00017883701,0.0002882091,0.00031014218,9.007661e-05,9.822469e-06,1.9653968e-05,5.595697e-07,1.0485762e-05,2.1008817e-07,4.389547e-05,0.00020219374,0.00019392285,0.00017872533,0.000100251345,0.0003745931,0.00074552256,0.0002704933,0.0001110584,0.00018540323,5.337614e-05,5.612253e-05,1.8258571e-06,3.1608232e-09,8.693547e-06,0.00025360534,0.00031947225,0.00012148596,0.00032168766,0.00051737035,0.00038016358,0.00038926434,0.00018467529,0.00026204888,0.00033400924,0.00010630851,2.957849e-05,1.6250147e-05,9.295582e-05,0.000123104,6.1822e-05,0.00020750644,0.000457789,0.00013504972,0.00012795583,0.0003860547,0.0004069959,0.00017257604,0.00047853618,0.00037579142,0.0001383044,0.00022154982,0.00044074265,1.0220741e-06,5.2139926e-06,9.4453e-05,0.00012071323,5.6185123e-05,0.0001979366,3.4295197e-05,0.00011675956,0.0005430101,0.00035350714,0.00034483694,0.0005430101,0.00067086035,0.0006182536,0.00045137186,0.00058712077,0.00028558934,0.0001420657,9.6043965e-05,1.8439121e-05,2.9197829e-05,6.83074e-05,0.000100251345,5.337614e-05,0.00043427246,0.064281985,0.011430862,0.20079814,0.16188933,0.02875942,0.02504274,0.049317583,0.0068992106,0.003690235,0.004389516,0.011470584,0.0044842963,2.0766365e-05,0.010177424,0.02539643,0.00011114644,0.033644546,0.010214064,0.0009403235,0.0006628722,0.0011817567,0.0016029995,0.00038484007,0.00071813475,0.0029785524,0.00022478454,0.0008058175,0.0028976195,0.006343065,0.0014234602,0.006462541,0.017547267,0.0012595605,0.0051599382,0.003100879,0.0029499219,0.00711221,0.002440961,0.013887669,0.00024179053,0.00031381927,0.0042769755,9.8791716e-05,0.00010243111,0.008078823,0.006034042,0.0012290088,0.011454024,0.0013027397,0.0030733796,0.007321726,3.557498e-05,0.0055130143,0.0075572277,0.00043122875,8.658806e-05,0.0028814406,0.009969415,0.0025824409,0.00021198633,0.0031060488,0.00020661621,0.00093748,0.0030858596,0.00014991386,0.0024302748,0.0030187485,0.00017268577,0.002249655,0.0005531485,0.00094196526,0.0062546846,0.013738612,0.005075847,0.0015841436,0.012264847,0.0067840735,0.0006384131,0.00017677464,0.0001383044,0.0028549342,0.005278983,0.002889749,0.0057193227,0.0022467219,0.0006959275,0.0026824237,0.008224805,0.0074233706,0.0025339401,9.726041e-05,0.0015645059,0.0010887347,0.0003656665,0.0030442958,0.006427105,0.0071506896,0.005366389,0.00029973345,1.6738781e-08,0.0009677731,0.0012178968,0.0033199338,0.0010164863,0.004969021,0.00054084975,0.0053279353,0.00017055019,0.006925622,0.023557724,0.0,0.0,0.0,0.0,0.0,0.0,0.0,0.0,0.0,0.0,0.0,0.0,0.0,0.0,0.0,0.0,0.0,0.0,0.0,0.0,0.0,0.0,0.0,0.0,0.0,0.0,0.0,0.0,0.0,0.0,0.0,0.0,0.0,0.0,0.0,0.0,0.0,0.0,0.0,0.0,0.0,0.0,0.0,0.0,0.0,0.0,0.0,0.0,0.0,0.0,0.0,0.0,0.0,0.0,0.0,0.0
signal segment 10,21,500,11R22.5,710R,0%,Ir,4.8509857e-08,3.3716356e-07,1.3694117e-05,0.00015980993,9.1845104e-05,8.7979104e-05,0.00032611453,0.00047719307,0.00020412111,0.00037347618,0.0006369407,0.0010311117,0.0006457915,0.00022676984,0.0002351793,0.0005321305,0.00027082715,2.4387027e-05,1.6491433e-05,5.753157e-05,2.036162e-05,6.6945075e-05,0.00055641937,0.00075496273,0.00053061993,0.00056331046,0.0007382515,0.00094038225,0.0009864821,0.0005884696,0.00057372666,0.00039560444,0.0002040171,0.00022666022,0.00011987553,1.120528e-05,6.3708656e-05,0.00039981527,0.00021083294,0.00044284327,0.0011721703,0.0013909157,0.0011942094,0.0013822399,0.0010264409,0.0011513244,0.00061942235,0.0005600319,0.00030389128,0.00016054712,6.3708656e-05,2.4387027e-05,5.599564e-05,0.0001316297,0.0002692717,0.00045131045,0.00032756248,0.00038296316,0.00054820604,0.0006105749,0.00051927636,0.00065302773,0.0004618898,0.00036661327,0.00042810568,0.00025234182,1.6967912e-05,3.2896984e-05,5.599564e-05,4.4047156e-06,6.0269464e-05,4.469934e-05,0.000258041,0.00038424658,0.00018463706,0.00032769426,0.0009450769,0.00075756566,0.00031155453,0.00052743807,0.0006879026,0.00027903632,6.2551655e-05,8.85263e-05,8.83551e-06,3.011854e-05,6.29554e-05,5.864139e-05,0.00013431637,0.00022316605,0.00032388314,0.00028135197,0.017318083,0.07594004,0.11156953,0.22717184,0.001678098,0.07751313,0.03222146,0.01031306,0.0031302732,0.009394684,0.012730119,0.009877806,0.00013916925,0.007170631,0.029167311,0.0043709404,0.03258845,0.027100092,6.940984e-05,0.0005921846,1.0368476e-05,1.784882e-05,0.0009864821,8.813881e-06,0.002168853,0.0007589691,0.002008821,0.0034642164,0.0072516263,0.003815531,0.003318786,0.017622186,0.0061585116,0.0018514734,0.00363951,0.003810585,0.017606726,3.7017685e-06,0.010737319,0.000115452895,0.001258457,0.0019737314,0.00031155453,0.00038139743,0.0031707317,0.0058265645,0.00016425854,0.010729021,0.002104238,0.001896862,0.011436412,0.0012925206,0.0018069438,0.004034925,0.00012773284,3.738344e-05,0.000510191,0.005511378,0.0020882369,0.00049760635,0.0030072606,0.0015571762,4.0518236e-05,0.0012625931,0.0009995601,0.0011989947,0.0017770468,0.00010513292,0.003828585,0.0028547249,0.00019223266,0.001896862,0.011213264,0.0056566442,0.00019213172,0.0075852284,0.009669782,0.00026510624,0.0012781636,6.089284e-05,0.0016816789,0.0058538294,0.001739495,0.004288537,0.0029299052,0.00025710615,0.00040214806,0.0058337916,0.008283553,0.0037765035,0.00030745557,0.0011226007,0.0018402121,0.00089800183,0.0021333955,0.006510224,0.008821487,0.0064586294,0.0003677294,0.00017487611,0.00019700655,0.00028922243,0.0020205858,0.0021658023,0.0031826326,0.0035059096,0.0035054784,0.0017709135,0.0,0.0,0.0,0.0,0.0,0.0,0.0,0.0,0.0,0.0,0.0,0.0,0.0,0.0,0.0,0.0,0.0,0.0,0.0,0.0,0.0,0.0,0.0,0.0,0.0,0.0,0.0,0.0,0.0,0.0,0.0,0.0,0.0,0.0,0.0,0.0,0.0,0.0,0.0,0.0,0.0,0.0,0.0,0.0,0.0,0.0,0.0,0.0,0.0,0.0,0.0,0.0,0.0,0.0,0.0,0.0
